candidate_id,gender,race_ethnicity,openness,conscientiousness,extraversion,agreeableness,neuroticism,education_level,years_experience,round,scenario
1,male,Latine,0.641,0.207,0.305,0.519,0.453,associate,13,1,personality_weighted
2,female,White,0.617,0.51,0.669,0.57,0.371,bachelor,5,1,personality_weighted
3,male,Black,0.493,0.472,0.398,0.683,0.477,master,13,1,personality_weighted
4,male,Black,0.555,0.562,0.565,0.821,0.439,associate,7,1,personality_weighted
5,female,Latine,0.669,0.483,0.374,0.376,0.598,high_school,7,1,personality_weighted
6,female,Asian,0.581,0.4,0.535,0.518,0.533,bachelor,11,1,personality_weighted
7,male,Black,0.51,0.543,0.595,0.281,0.452,master,3,1,personality_weighted
8,female,White,0.724,0.37,0.645,0.248,0.45,high_school,2,1,personality_weighted
9,male,White,0.619,0.448,0.431,0.629,0.471,high_school,8,1,personality_weighted
10,male,Latine,0.575,0.521,0.604,0.436,0.524,master,0,1,personality_weighted
11,male,Latine,0.401,0.446,0.443,0.321,0.573,associate,13,1,personality_weighted
12,female,White,0.567,0.6,0.485,0.437,0.488,master,2,1,personality_weighted
13,female,Black,0.35,0.56,0.364,0.443,0.695,associate,1,1,personality_weighted
14,male,White,0.469,0.357,0.449,0.626,0.241,master,7,1,personality_weighted
15,female,White,0.283,0.511,0.421,0.535,0.503,bachelor,2,1,personality_weighted
16,male,White,0.527,0.533,0.704,0.625,0.554,bachelor,1,1,personality_weighted
17,female,White,0.361,0.442,0.293,0.595,0.467,master,2,1,personality_weighted
18,male,White,0.626,0.8,0.937,0.562,0.352,associate,12,1,personality_weighted
19,female,Latine,0.438,0.408,0.479,0.66,0.524,master,5,1,personality_weighted
20,female,White,0.427,0.492,0.765,0.52,0.647,associate,1,1,personality_weighted
21,male,Latine,0.391,0.819,0.377,0.626,0.365,high_school,0,1,personality_weighted
22,male,Latine,0.494,0.402,0.567,0.432,0.316,bachelor,8,1,personality_weighted
23,nonbinary,Asian,0.524,0.482,0.543,0.696,0.533,high_school,11,1,personality_weighted
24,male,Latine,0.73,0.527,0.316,0.295,0.748,master,1,1,personality_weighted
25,male,Black,0.719,0.334,0.366,0.596,0.441,bachelor,2,1,personality_weighted
26,male,Black,0.711,0.514,0.597,0.192,0.493,master,0,1,personality_weighted
27,male,White,0.45,0.637,0.301,0.505,0.427,associate,3,1,personality_weighted
28,female,White,0.701,0.477,0.396,0.466,0.536,bachelor,10,1,personality_weighted
29,male,Black,0.534,0.878,0.782,0.372,0.457,bachelor,2,1,personality_weighted
30,female,White,0.681,0.391,0.402,0.178,0.476,master,0,1,personality_weighted
31,male,Asian,0.421,0.368,0.486,0.236,0.28,master,9,1,personality_weighted
32,female,Latine,0.776,0.936,0.324,0.445,0.551,master,11,1,personality_weighted
33,male,Latine,0.617,0.565,0.444,0.48,0.294,master,2,1,personality_weighted
34,female,Black,0.417,0.571,0.652,0.523,0.553,high_school,2,1,personality_weighted
35,male,Asian,0.547,0.485,0.814,0.736,0.558,master,13,1,personality_weighted
36,female,Latine,0.333,0.679,0.539,0.572,0.238,master,8,1,personality_weighted
37,male,Asian,0.429,0.54,0.508,0.456,0.484,high_school,15,1,personality_weighted
38,male,White,0.115,0.464,0.526,0.544,0.444,master,13,1,personality_weighted
39,female,Latine,0.27,0.63,0.451,0.491,0.342,bachelor,3,1,personality_weighted
40,female,Asian,0.76,0.677,0.566,0.762,0.566,bachelor,14,1,personality_weighted
41,male,White,0.395,0.648,0.323,0.617,0.471,master,10,1,personality_weighted
42,male,Black,0.61,0.264,0.49,0.324,0.422,bachelor,11,1,personality_weighted
43,male,White,0.348,0.505,0.318,0.399,0.547,master,12,1,personality_weighted
44,male,White,0.546,0.511,0.562,0.742,0.191,associate,7,1,personality_weighted
45,male,Black,0.721,0.555,0.627,0.414,0.622,master,1,1,personality_weighted
46,female,Asian,0.541,0.37,0.478,0.477,0.558,master,12,1,personality_weighted
47,male,Latine,0.722,0.388,0.377,0.53,0.627,bachelor,6,1,personality_weighted
48,female,Multiracial,0.626,0.583,0.849,0.469,0.199,high_school,11,1,personality_weighted
49,male,White,0.696,0.26,0.312,0.26,0.381,bachelor,0,1,personality_weighted
50,female,Asian,0.288,0.153,0.508,0.429,0.569,bachelor,12,1,personality_weighted
51,female,Multiracial,0.521,0.614,0.534,0.58,0.394,high_school,10,1,personality_weighted
52,female,White,0.441,0.578,0.46,0.482,0.624,master,3,1,personality_weighted
53,male,Asian,0.15,0.398,0.612,0.457,0.53,master,3,1,personality_weighted
54,male,Asian,0.385,0.703,0.514,0.374,0.411,associate,0,1,personality_weighted
55,male,Black,0.621,0.758,0.293,0.559,0.344,high_school,4,1,personality_weighted
56,female,Asian,0.639,0.409,0.42,0.34,0.402,associate,11,1,personality_weighted
57,male,White,0.554,0.698,0.449,0.278,0.66,master,9,1,personality_weighted
58,male,Asian,0.48,0.552,0.793,0.812,0.51,high_school,2,1,personality_weighted
59,female,Latine,0.55,0.496,0.547,0.375,0.262,bachelor,6,1,personality_weighted
60,male,Latine,0.456,0.791,0.666,0.356,0.552,master,0,1,personality_weighted
61,male,White,0.593,0.449,0.66,0.329,0.501,bachelor,10,1,personality_weighted
62,female,White,0.514,0.587,0.491,0.474,0.383,master,11,1,personality_weighted
63,female,Asian,0.592,0.6,0.663,0.555,0.457,associate,7,1,personality_weighted
64,female,Black,0.225,0.45,0.201,0.276,0.705,bachelor,5,1,personality_weighted
65,female,White,0.055,0.418,0.863,0.565,0.416,bachelor,1,1,personality_weighted
66,male,White,0.515,0.487,0.619,0.552,0.6,master,6,1,personality_weighted
67,female,Asian,0.354,0.367,0.7,0.471,0.711,master,15,1,personality_weighted
68,female,Black,0.539,0.735,0.446,0.359,0.433,master,12,1,personality_weighted
69,female,Latine,0.419,0.672,0.141,0.382,0.247,high_school,4,1,personality_weighted
70,male,White,0.462,0.476,0.531,0.349,0.606,bachelor,10,1,personality_weighted
71,female,Asian,0.544,0.805,0.487,0.454,0.387,associate,7,1,personality_weighted
72,male,Latine,0.423,0.367,0.489,0.55,0.508,bachelor,7,1,personality_weighted
73,female,Latine,0.476,0.402,0.582,0.528,0.283,associate,3,1,personality_weighted
74,female,Latine,0.528,0.282,0.7,0.687,0.462,high_school,11,1,personality_weighted
75,male,White,0.456,0.339,0.607,0.8,0.324,associate,15,1,personality_weighted
76,male,White,0.317,0.537,0.773,0.252,0.308,associate,15,1,personality_weighted
77,male,White,0.536,0.234,0.577,0.413,0.691,master,15,1,personality_weighted
78,male,Asian,0.614,0.567,0.247,0.581,0.345,associate,14,1,personality_weighted
79,male,White,0.379,0.308,0.607,0.536,0.408,bachelor,12,1,personality_weighted
80,male,Asian,0.54,0.407,0.571,0.42,0.438,associate,0,1,personality_weighted
81,male,Latine,0.742,0.882,0.439,0.209,0.453,associate,13,1,personality_weighted
82,female,Asian,0.587,0.579,0.276,0.605,0.808,master,3,1,personality_weighted
83,female,Latine,0.592,0.24,0.525,0.441,0.777,bachelor,2,1,personality_weighted
84,female,Latine,0.588,0.548,0.37,0.527,0.682,high_school,1,1,personality_weighted
85,female,Multiracial,0.365,0.449,0.488,0.244,0.258,master,12,1,personality_weighted
86,male,White,0.618,0.541,0.393,0.302,0.625,master,11,1,personality_weighted
87,female,Asian,0.563,0.558,0.475,0.623,0.594,high_school,4,1,personality_weighted
88,nonbinary,White,0.425,0.435,0.428,0.619,0.725,associate,13,1,personality_weighted
89,male,Multiracial,0.463,0.643,0.162,0.376,0.383,master,8,1,personality_weighted
90,female,Black,0.47,0.667,0.463,0.345,0.491,master,7,1,personality_weighted
91,female,White,0.584,0.467,0.597,0.498,0.605,associate,3,1,personality_weighted
92,male,Black,0.318,0.265,0.603,0.447,0.347,high_school,8,1,personality_weighted
93,female,Latine,0.276,0.362,0.719,0.542,0.615,bachelor,3,1,personality_weighted
94,female,White,0.509,0.582,0.472,0.542,0.524,master,11,1,personality_weighted
95,female,Black,0.163,0.65,0.678,0.347,0.221,high_school,1,1,personality_weighted
96,female,Asian,0.577,0.444,0.366,0.502,0.455,bachelor,9,1,personality_weighted
97,female,White,0.67,0.362,0.628,0.596,0.566,master,15,1,personality_weighted
98,female,Latine,0.596,0.551,0.232,0.513,0.417,bachelor,5,1,personality_weighted
99,male,White,0.704,0.538,0.703,0.502,0.53,associate,11,1,personality_weighted
100,male,Black,0.305,0.492,0.488,0.77,0.634,master,8,1,personality_weighted
1,female,Asian,0.47,0.338,0.477,0.388,0.312,high_school,14,2,personality_weighted
2,female,White,0.482,0.649,0.659,0.654,0.506,master,13,2,personality_weighted
3,male,White,0.557,0.693,0.665,0.48,0.313,bachelor,6,2,personality_weighted
4,female,White,0.413,0.538,0.424,0.406,0.547,master,0,2,personality_weighted
5,female,White,0.329,0.428,0.716,0.326,0.183,associate,2,2,personality_weighted
6,male,Asian,0.482,0.682,0.099,0.559,0.734,bachelor,6,2,personality_weighted
7,female,Asian,0.366,0.451,0.714,0.776,0.45,bachelor,13,2,personality_weighted
8,male,Latine,0.486,0.52,0.555,0.977,0.628,master,11,2,personality_weighted
9,female,White,0.427,0.636,0.505,0.542,0.502,bachelor,14,2,personality_weighted
10,female,White,0.6,0.353,0.284,0.491,0.513,high_school,5,2,personality_weighted
11,female,Latine,0.439,0.412,0.493,0.542,0.349,master,2,2,personality_weighted
12,male,White,0.206,0.498,0.467,0.484,0.496,bachelor,7,2,personality_weighted
13,male,Multiracial,0.324,0.336,0.543,0.687,0.435,bachelor,15,2,personality_weighted
14,female,Asian,0.416,0.439,0.506,0.453,0.657,bachelor,9,2,personality_weighted
15,male,White,0.27,0.558,0.515,0.478,0.738,bachelor,4,2,personality_weighted
16,male,Black,0.308,0.51,0.339,0.387,0.56,high_school,14,2,personality_weighted
17,female,Latine,0.674,0.715,0.579,0.705,0.218,master,11,2,personality_weighted
18,female,Asian,0.414,0.475,0.782,0.475,0.562,high_school,14,2,personality_weighted
19,female,Black,0.567,0.675,0.747,0.546,0.588,associate,2,2,personality_weighted
20,female,Latine,0.63,0.532,0.633,0.574,0.68,master,0,2,personality_weighted
21,female,White,0.06,0.557,0.0,0.241,0.568,bachelor,2,2,personality_weighted
22,male,Latine,0.706,0.427,0.836,0.5,0.561,bachelor,0,2,personality_weighted
23,female,Asian,0.484,0.495,0.295,0.462,0.389,bachelor,7,2,personality_weighted
24,female,Black,0.484,0.533,0.593,0.35,0.344,associate,2,2,personality_weighted
25,female,White,0.567,0.57,0.27,0.534,0.61,bachelor,9,2,personality_weighted
26,male,Black,0.55,0.455,0.428,0.631,0.722,master,7,2,personality_weighted
27,female,White,0.553,0.615,0.518,0.52,0.624,associate,6,2,personality_weighted
28,male,Latine,0.595,0.5,0.551,0.601,0.444,bachelor,6,2,personality_weighted
29,male,Black,0.716,0.425,0.252,0.343,0.347,master,5,2,personality_weighted
30,female,Latine,0.593,0.551,0.547,0.561,0.592,master,2,2,personality_weighted
31,male,Multiracial,0.505,0.499,0.657,0.678,0.53,bachelor,9,2,personality_weighted
32,male,Black,0.5,0.648,0.416,0.621,0.602,bachelor,6,2,personality_weighted
33,female,White,0.515,0.386,0.371,0.419,0.581,bachelor,7,2,personality_weighted
34,male,Multiracial,0.469,0.516,0.867,0.293,0.721,high_school,11,2,personality_weighted
35,male,Latine,0.567,0.477,0.718,0.432,0.67,associate,4,2,personality_weighted
36,female,Black,0.568,0.717,0.488,0.47,0.333,high_school,5,2,personality_weighted
37,female,Multiracial,0.534,0.698,0.921,0.412,0.715,associate,3,2,personality_weighted
38,female,Black,0.509,0.517,0.439,0.29,0.268,bachelor,12,2,personality_weighted
39,female,Latine,0.501,0.619,0.527,0.402,0.684,bachelor,8,2,personality_weighted
40,female,White,0.686,0.67,0.592,0.59,0.578,high_school,15,2,personality_weighted
41,female,White,0.381,0.696,0.626,0.723,0.459,bachelor,13,2,personality_weighted
42,male,Asian,0.512,0.67,0.446,0.553,0.352,associate,2,2,personality_weighted
43,female,Black,0.465,0.472,0.459,0.766,0.485,high_school,6,2,personality_weighted
44,female,Asian,0.461,0.397,0.707,0.475,0.693,associate,13,2,personality_weighted
45,female,White,0.501,0.758,0.152,0.2,0.419,high_school,8,2,personality_weighted
46,male,Black,0.442,0.653,0.655,0.528,0.644,master,1,2,personality_weighted
47,female,White,0.517,0.5,0.721,0.132,0.287,high_school,7,2,personality_weighted
48,female,White,0.274,0.352,0.371,0.869,0.77,master,4,2,personality_weighted
49,female,Black,0.214,0.482,0.35,0.487,0.26,master,9,2,personality_weighted
50,male,Latine,0.563,0.302,0.628,0.38,0.595,master,4,2,personality_weighted
51,female,Latine,0.555,0.592,0.479,0.73,0.651,bachelor,14,2,personality_weighted
52,male,Black,0.794,0.316,0.361,0.723,0.341,associate,3,2,personality_weighted
53,female,Latine,0.485,0.402,0.399,0.393,0.368,bachelor,2,2,personality_weighted
54,female,Latine,0.427,0.472,0.393,0.102,0.293,master,9,2,personality_weighted
55,female,White,0.699,0.493,0.694,0.562,0.617,associate,1,2,personality_weighted
56,female,Latine,0.414,0.584,0.585,0.418,0.332,high_school,5,2,personality_weighted
57,male,White,0.513,0.549,0.381,0.504,0.586,associate,15,2,personality_weighted
58,female,Black,0.35,0.753,0.42,0.657,0.51,master,13,2,personality_weighted
59,male,Asian,0.266,0.645,0.728,0.38,0.545,bachelor,6,2,personality_weighted
60,male,Latine,0.494,0.761,0.428,0.65,0.515,master,5,2,personality_weighted
61,female,White,0.483,0.375,0.599,0.598,0.589,master,12,2,personality_weighted
62,female,Asian,0.556,0.406,0.504,0.41,0.743,master,6,2,personality_weighted
63,male,Black,0.174,0.198,0.619,0.509,0.538,associate,11,2,personality_weighted
64,female,Asian,0.624,0.525,0.434,0.441,0.181,master,5,2,personality_weighted
65,male,Multiracial,0.401,0.326,0.355,0.508,0.187,high_school,15,2,personality_weighted
66,male,White,0.128,0.351,0.685,0.083,0.448,high_school,9,2,personality_weighted
67,female,White,0.561,0.585,0.775,0.47,0.556,high_school,13,2,personality_weighted
68,female,White,0.416,0.497,0.266,0.534,0.645,bachelor,2,2,personality_weighted
69,male,Latine,0.611,0.218,0.339,0.631,0.541,associate,2,2,personality_weighted
70,male,Multiracial,0.599,0.907,0.468,0.38,0.564,high_school,1,2,personality_weighted
71,female,White,0.846,0.549,0.39,0.637,0.484,associate,15,2,personality_weighted
72,female,Asian,0.553,0.787,0.57,0.444,0.424,master,13,2,personality_weighted
73,male,Latine,0.637,0.24,0.629,0.443,0.557,master,7,2,personality_weighted
74,male,Black,0.644,0.273,0.624,0.561,0.259,bachelor,13,2,personality_weighted
75,female,White,0.527,0.544,0.721,0.684,0.07,associate,8,2,personality_weighted
76,female,Latine,0.514,0.687,0.337,0.55,0.363,associate,5,2,personality_weighted
77,male,White,0.569,0.219,0.779,0.59,0.473,high_school,0,2,personality_weighted
78,male,Multiracial,0.451,0.469,0.426,0.413,0.604,high_school,3,2,personality_weighted
79,male,White,0.577,0.437,0.834,0.265,0.689,bachelor,10,2,personality_weighted
80,female,Black,0.649,0.646,0.504,0.467,0.469,associate,3,2,personality_weighted
81,female,Latine,0.363,0.624,0.638,0.598,0.612,high_school,10,2,personality_weighted
82,male,Black,0.255,0.536,0.487,0.434,0.057,master,1,2,personality_weighted
83,female,White,0.554,0.291,0.716,0.478,0.544,master,6,2,personality_weighted
84,nonbinary,White,0.411,0.451,0.576,0.484,0.441,associate,14,2,personality_weighted
85,female,White,0.514,0.768,0.554,0.644,0.391,high_school,13,2,personality_weighted
86,female,Latine,0.506,0.307,0.296,0.286,0.235,bachelor,12,2,personality_weighted
87,female,Black,0.161,0.471,0.476,0.814,0.281,associate,10,2,personality_weighted
88,female,Black,0.584,0.517,0.549,0.617,0.379,associate,4,2,personality_weighted
89,female,White,0.527,0.408,0.497,0.407,0.339,master,2,2,personality_weighted
90,female,White,0.327,0.607,0.323,0.415,0.406,high_school,12,2,personality_weighted
91,female,Black,0.575,0.184,0.494,0.8,0.52,high_school,7,2,personality_weighted
92,female,Latine,0.2,0.248,0.532,0.393,0.697,bachelor,4,2,personality_weighted
93,male,Asian,0.088,0.465,0.472,0.436,0.662,bachelor,15,2,personality_weighted
94,female,Black,0.593,0.583,0.546,0.647,0.325,bachelor,7,2,personality_weighted
95,female,Latine,0.247,0.36,0.727,0.461,0.626,high_school,12,2,personality_weighted
96,female,Latine,0.465,0.233,0.38,0.583,0.559,master,9,2,personality_weighted
97,female,Black,0.445,0.294,0.406,0.391,0.616,bachelor,15,2,personality_weighted
98,male,Latine,0.521,0.378,0.328,0.359,0.405,master,14,2,personality_weighted
99,male,Latine,0.262,0.504,0.467,0.551,0.498,high_school,6,2,personality_weighted
100,male,Latine,0.654,0.168,0.552,0.678,0.477,bachelor,0,2,personality_weighted
1,male,Black,0.257,0.148,0.641,0.352,0.432,high_school,6,3,personality_weighted
2,female,Asian,0.391,0.557,0.568,0.548,0.536,bachelor,10,3,personality_weighted
3,female,White,0.67,0.69,0.287,0.453,0.704,high_school,12,3,personality_weighted
4,female,White,0.442,0.543,0.462,0.494,0.512,high_school,14,3,personality_weighted
5,male,Latine,0.233,0.549,0.386,0.587,0.507,master,3,3,personality_weighted
6,male,Latine,0.67,0.148,0.739,0.556,0.662,associate,14,3,personality_weighted
7,female,White,0.497,0.542,0.663,0.235,0.646,bachelor,12,3,personality_weighted
8,male,White,0.575,0.138,0.597,0.276,0.508,master,11,3,personality_weighted
9,male,White,0.396,0.424,0.691,0.58,0.442,master,6,3,personality_weighted
10,male,Black,0.236,0.613,0.519,0.858,0.335,associate,12,3,personality_weighted
11,male,White,0.396,0.534,0.5,0.542,0.395,high_school,15,3,personality_weighted
12,female,Multiracial,0.568,0.466,0.258,0.648,0.555,associate,14,3,personality_weighted
13,male,Black,0.346,0.419,0.684,0.404,0.596,associate,3,3,personality_weighted
14,male,Black,0.631,0.42,0.264,0.293,0.42,master,6,3,personality_weighted
15,female,White,0.856,0.239,0.531,0.331,0.426,associate,12,3,personality_weighted
16,male,White,0.785,0.432,0.539,0.654,0.475,master,8,3,personality_weighted
17,male,Latine,0.483,0.348,0.519,0.412,0.421,master,9,3,personality_weighted
18,female,Latine,0.29,0.401,0.788,0.669,0.515,high_school,1,3,personality_weighted
19,male,White,0.506,0.486,0.495,0.468,0.284,high_school,12,3,personality_weighted
20,female,Latine,0.472,0.377,0.517,0.442,0.722,high_school,7,3,personality_weighted
21,male,Latine,0.384,0.413,0.547,0.426,0.634,master,10,3,personality_weighted
22,male,Asian,0.415,0.665,0.594,0.756,0.84,high_school,4,3,personality_weighted
23,male,Black,0.383,0.405,0.341,0.342,0.478,associate,11,3,personality_weighted
24,female,Latine,0.921,0.432,0.511,0.306,0.756,associate,7,3,personality_weighted
25,male,Asian,0.532,0.332,0.719,0.621,0.514,master,7,3,personality_weighted
26,female,Asian,0.682,0.666,0.261,0.545,0.652,associate,7,3,personality_weighted
27,female,Black,0.455,0.222,0.451,0.451,0.478,bachelor,6,3,personality_weighted
28,male,Black,0.566,0.454,0.439,0.514,0.212,associate,10,3,personality_weighted
29,male,White,0.644,0.207,0.204,0.541,0.499,high_school,12,3,personality_weighted
30,female,White,0.64,0.573,0.461,0.184,0.615,master,15,3,personality_weighted
31,female,White,0.601,0.629,0.734,0.369,0.466,bachelor,13,3,personality_weighted
32,male,Latine,0.562,0.587,0.513,0.533,0.461,high_school,5,3,personality_weighted
33,male,Latine,0.502,0.632,0.275,0.303,0.194,associate,5,3,personality_weighted
34,male,White,0.599,0.404,0.535,0.455,0.601,high_school,0,3,personality_weighted
35,female,White,0.657,0.559,0.29,0.598,0.337,master,0,3,personality_weighted
36,female,Asian,0.524,0.469,0.602,0.444,0.535,bachelor,14,3,personality_weighted
37,female,White,0.321,0.34,0.226,0.609,0.771,high_school,11,3,personality_weighted
38,female,Latine,0.713,0.431,0.515,0.199,0.54,bachelor,0,3,personality_weighted
39,male,White,0.581,0.654,0.383,0.329,0.177,bachelor,12,3,personality_weighted
40,female,Latine,0.568,0.433,0.339,0.417,0.661,bachelor,7,3,personality_weighted
41,male,Black,0.326,0.505,0.522,0.43,0.565,associate,14,3,personality_weighted
42,male,White,0.062,0.679,0.043,0.408,0.654,master,1,3,personality_weighted
43,female,White,0.654,0.212,0.669,0.492,0.321,bachelor,1,3,personality_weighted
44,male,White,0.61,0.242,0.439,0.371,0.694,high_school,5,3,personality_weighted
45,female,Asian,0.326,0.398,0.38,0.309,0.514,bachelor,6,3,personality_weighted
46,male,Multiracial,0.23,0.387,0.364,0.369,0.8,bachelor,2,3,personality_weighted
47,male,Latine,0.402,0.532,0.346,0.636,0.32,bachelor,5,3,personality_weighted
48,male,Black,0.404,0.459,0.465,0.39,0.573,associate,14,3,personality_weighted
49,female,Black,0.619,0.465,0.454,0.516,0.754,high_school,7,3,personality_weighted
50,female,White,0.533,0.736,0.573,0.526,0.416,master,1,3,personality_weighted
51,female,White,0.457,0.53,0.385,0.379,0.296,high_school,9,3,personality_weighted
52,male,Asian,0.645,0.513,0.559,0.546,0.486,associate,0,3,personality_weighted
53,male,Multiracial,0.4,0.565,0.538,0.289,0.668,bachelor,0,3,personality_weighted
54,female,White,0.594,0.31,0.767,0.599,0.498,high_school,13,3,personality_weighted
55,male,Latine,0.401,0.587,0.571,0.502,0.382,master,8,3,personality_weighted
56,female,White,0.279,0.585,0.11,0.531,0.428,bachelor,13,3,personality_weighted
57,male,Black,0.44,0.517,0.611,0.431,0.649,bachelor,4,3,personality_weighted
58,male,Latine,0.599,0.787,0.385,0.293,0.351,bachelor,5,3,personality_weighted
59,male,Latine,0.332,0.615,0.316,0.674,0.929,high_school,14,3,personality_weighted
60,male,Black,0.426,0.228,0.41,0.336,0.283,associate,12,3,personality_weighted
61,female,Black,0.454,0.474,0.645,0.495,0.58,high_school,8,3,personality_weighted
62,female,Black,0.203,0.461,0.508,0.307,0.495,master,1,3,personality_weighted
63,female,Latine,0.561,0.558,0.327,0.524,0.653,associate,5,3,personality_weighted
64,male,White,0.406,0.57,0.529,0.594,0.52,master,8,3,personality_weighted
65,female,White,0.631,0.379,0.229,0.732,0.538,bachelor,12,3,personality_weighted
66,female,White,0.458,0.423,0.71,0.343,0.38,high_school,0,3,personality_weighted
67,female,Latine,0.637,0.53,0.573,0.461,0.509,master,0,3,personality_weighted
68,female,Asian,0.583,0.507,0.379,0.51,0.496,master,6,3,personality_weighted
69,female,Latine,0.563,0.66,0.515,0.851,0.443,bachelor,9,3,personality_weighted
70,male,Asian,0.537,0.627,0.548,0.689,0.486,high_school,2,3,personality_weighted
71,male,Black,0.392,0.396,0.359,0.64,0.445,associate,9,3,personality_weighted
72,male,Latine,0.373,0.339,0.534,0.59,0.55,high_school,10,3,personality_weighted
73,male,White,0.422,0.358,0.695,0.595,0.591,associate,7,3,personality_weighted
74,female,Black,0.389,0.408,0.372,0.338,0.455,bachelor,14,3,personality_weighted
75,female,Asian,0.572,0.576,0.59,0.444,0.818,master,4,3,personality_weighted
76,male,Black,0.239,0.503,0.482,0.43,0.802,master,15,3,personality_weighted
77,male,Latine,0.35,0.506,0.526,0.222,0.473,master,0,3,personality_weighted
78,male,Latine,0.419,0.473,0.514,0.591,0.662,high_school,5,3,personality_weighted
79,male,Asian,0.592,0.435,0.619,0.647,0.694,master,12,3,personality_weighted
80,female,White,0.502,0.485,0.403,0.277,0.514,high_school,2,3,personality_weighted
81,male,White,0.335,0.535,0.523,0.587,0.828,bachelor,13,3,personality_weighted
82,male,Latine,0.307,0.737,0.361,0.343,0.494,high_school,3,3,personality_weighted
83,male,Black,0.684,0.379,0.291,0.641,0.574,associate,4,3,personality_weighted
84,female,White,0.492,0.675,0.345,0.487,0.601,bachelor,0,3,personality_weighted
85,female,Latine,0.55,0.537,0.663,0.583,0.143,high_school,5,3,personality_weighted
86,female,Latine,0.572,0.618,0.591,0.468,0.223,high_school,2,3,personality_weighted
87,male,Black,0.595,0.636,0.519,0.04,0.308,master,1,3,personality_weighted
88,female,White,0.685,0.502,0.666,0.542,0.569,associate,7,3,personality_weighted
89,male,Asian,0.646,0.263,0.567,0.671,0.68,master,5,3,personality_weighted
90,female,White,0.886,0.387,0.424,0.454,0.426,high_school,1,3,personality_weighted
91,male,Latine,0.555,0.426,0.79,0.502,0.694,associate,8,3,personality_weighted
92,female,Asian,0.705,0.508,0.574,0.555,0.457,master,0,3,personality_weighted
93,female,Latine,0.563,0.689,0.671,0.502,0.142,associate,8,3,personality_weighted
94,female,Asian,0.525,0.65,0.365,0.267,0.539,high_school,9,3,personality_weighted
95,female,Black,0.915,0.625,0.657,0.627,0.722,associate,12,3,personality_weighted
96,male,Latine,0.622,0.355,0.474,0.396,0.725,bachelor,0,3,personality_weighted
97,male,White,0.494,0.53,0.322,0.172,0.523,high_school,12,3,personality_weighted
98,female,Latine,0.735,0.35,0.447,0.572,0.88,bachelor,14,3,personality_weighted
99,female,Latine,0.368,0.618,0.335,0.464,0.483,master,8,3,personality_weighted
100,female,Asian,0.576,0.395,0.506,0.487,0.459,master,11,3,personality_weighted
1,male,White,0.603,0.408,0.259,0.6,0.668,associate,5,4,personality_weighted
2,male,Multiracial,0.251,0.546,0.367,0.326,0.434,associate,2,4,personality_weighted
3,female,White,0.433,0.647,0.542,0.395,0.37,master,9,4,personality_weighted
4,female,Latine,0.144,0.42,0.365,0.736,0.245,master,8,4,personality_weighted
5,male,Asian,0.388,0.405,0.592,0.151,0.221,associate,9,4,personality_weighted
6,male,Latine,0.515,0.67,0.816,0.413,0.497,associate,0,4,personality_weighted
7,female,Black,0.347,0.515,0.464,0.356,0.353,high_school,5,4,personality_weighted
8,female,Black,0.511,0.586,0.354,0.611,0.623,master,14,4,personality_weighted
9,male,Black,0.615,0.623,0.42,0.44,0.581,bachelor,10,4,personality_weighted
10,male,White,0.649,0.409,0.224,0.213,0.311,master,10,4,personality_weighted
11,male,Black,0.395,0.384,0.434,0.698,0.599,high_school,3,4,personality_weighted
12,male,Asian,0.549,0.588,0.364,0.505,0.195,associate,2,4,personality_weighted
13,male,White,0.772,0.368,0.533,0.495,0.485,bachelor,0,4,personality_weighted
14,male,White,0.707,0.5,0.622,0.395,0.615,high_school,6,4,personality_weighted
15,female,White,0.482,0.171,0.418,0.685,0.583,high_school,7,4,personality_weighted
16,female,White,0.683,0.638,0.728,0.554,0.636,master,0,4,personality_weighted
17,female,Black,0.532,0.621,0.519,0.412,0.502,bachelor,1,4,personality_weighted
18,male,White,0.468,0.767,0.468,0.23,0.784,high_school,9,4,personality_weighted
19,female,Black,0.662,0.419,0.672,0.581,0.537,bachelor,7,4,personality_weighted
20,male,White,0.37,0.37,0.257,0.592,0.595,master,1,4,personality_weighted
21,male,Latine,0.618,0.493,0.427,0.453,0.803,master,10,4,personality_weighted
22,female,White,0.484,0.435,0.187,0.558,0.443,high_school,5,4,personality_weighted
23,male,Black,0.724,0.554,0.507,0.699,0.752,associate,13,4,personality_weighted
24,male,White,0.566,0.229,0.57,0.841,0.596,high_school,6,4,personality_weighted
25,male,Asian,0.557,0.378,0.355,0.69,0.706,bachelor,10,4,personality_weighted
26,female,White,0.551,0.569,0.649,0.512,0.712,master,12,4,personality_weighted
27,male,White,0.824,0.57,0.607,0.259,0.377,high_school,13,4,personality_weighted
28,male,Latine,0.656,0.418,0.712,0.487,0.531,associate,9,4,personality_weighted
29,female,White,0.471,0.624,0.3,0.25,0.624,bachelor,12,4,personality_weighted
30,female,Latine,0.398,0.499,0.64,0.384,0.749,associate,7,4,personality_weighted
31,female,Asian,0.532,0.417,0.477,0.703,0.72,bachelor,13,4,personality_weighted
32,male,Latine,0.352,0.492,0.501,0.671,0.681,associate,8,4,personality_weighted
33,female,Latine,0.412,0.588,0.487,0.355,0.356,master,13,4,personality_weighted
34,female,Asian,0.423,0.544,0.859,0.341,0.215,associate,3,4,personality_weighted
35,male,Latine,0.412,0.54,0.357,0.473,0.567,associate,8,4,personality_weighted
36,female,Latine,0.286,0.437,0.518,0.44,0.459,associate,2,4,personality_weighted
37,female,Latine,0.715,0.43,0.573,0.464,0.555,high_school,8,4,personality_weighted
38,male,White,0.568,0.685,0.467,0.649,0.396,master,1,4,personality_weighted
39,female,Black,0.464,0.693,0.214,0.308,0.345,master,7,4,personality_weighted
40,male,White,0.643,0.574,0.522,0.559,0.371,master,13,4,personality_weighted
41,female,Latine,0.678,0.532,0.474,0.56,0.071,high_school,1,4,personality_weighted
42,female,White,0.606,0.489,0.329,0.479,0.51,high_school,14,4,personality_weighted
43,female,Black,0.337,0.526,0.693,0.24,0.527,associate,1,4,personality_weighted
44,male,White,0.475,0.776,0.31,0.325,0.305,bachelor,14,4,personality_weighted
45,male,White,0.44,0.358,0.465,0.869,0.709,bachelor,10,4,personality_weighted
46,female,White,0.234,0.653,0.674,0.657,0.43,bachelor,1,4,personality_weighted
47,female,Asian,0.559,0.441,0.257,0.517,0.662,high_school,11,4,personality_weighted
48,female,Asian,0.613,0.631,0.396,0.257,0.42,master,4,4,personality_weighted
49,female,Latine,0.227,0.763,0.624,0.615,0.645,master,13,4,personality_weighted
50,male,White,0.436,0.895,0.583,0.43,0.57,master,10,4,personality_weighted
51,female,Latine,0.575,0.66,0.558,0.514,0.502,master,3,4,personality_weighted
52,female,Latine,0.722,0.484,0.382,0.423,0.665,associate,13,4,personality_weighted
53,male,White,0.461,0.586,0.403,0.461,0.645,master,6,4,personality_weighted
54,female,White,0.516,0.759,0.213,0.542,0.294,associate,14,4,personality_weighted
55,female,Latine,0.42,0.501,0.42,0.281,0.617,high_school,6,4,personality_weighted
56,female,White,0.545,0.601,0.345,0.501,0.483,associate,3,4,personality_weighted
57,nonbinary,White,0.874,0.363,0.647,0.646,0.351,bachelor,9,4,personality_weighted
58,female,Latine,0.535,0.679,0.511,0.475,0.664,associate,14,4,personality_weighted
59,female,Asian,0.343,0.415,0.407,0.618,0.646,associate,9,4,personality_weighted
60,female,Latine,0.537,0.377,0.736,0.491,0.519,associate,13,4,personality_weighted
61,male,Black,0.595,0.382,0.959,0.337,0.311,high_school,9,4,personality_weighted
62,female,White,0.586,0.223,0.398,0.339,0.216,bachelor,14,4,personality_weighted
63,female,Multiracial,0.419,0.375,0.559,0.546,0.634,master,3,4,personality_weighted
64,male,Multiracial,0.546,0.577,0.521,0.44,0.45,bachelor,14,4,personality_weighted
65,female,Black,0.401,0.401,0.318,0.647,0.512,bachelor,0,4,personality_weighted
66,male,Latine,0.289,0.653,0.419,0.439,0.506,master,4,4,personality_weighted
67,male,White,0.582,0.427,0.783,0.5,0.165,associate,13,4,personality_weighted
68,female,Black,0.775,0.347,0.637,0.392,0.534,bachelor,9,4,personality_weighted
69,male,White,0.635,0.62,0.542,0.297,0.453,master,13,4,personality_weighted
70,female,Multiracial,0.658,0.387,0.089,0.235,0.713,master,1,4,personality_weighted
71,male,White,0.69,0.504,0.456,0.48,0.534,bachelor,1,4,personality_weighted
72,male,Latine,0.675,0.325,0.613,0.456,0.123,master,11,4,personality_weighted
73,female,White,0.517,0.528,0.793,0.31,0.496,high_school,5,4,personality_weighted
74,male,Black,0.26,0.711,0.398,0.805,0.495,associate,4,4,personality_weighted
75,female,White,0.412,0.518,0.548,0.382,0.481,master,6,4,personality_weighted
76,male,Latine,0.732,0.471,0.539,0.302,0.433,high_school,14,4,personality_weighted
77,female,Latine,0.708,0.596,0.744,0.491,0.859,bachelor,4,4,personality_weighted
78,female,Latine,0.85,0.623,0.45,0.687,0.603,bachelor,2,4,personality_weighted
79,male,Asian,0.431,0.204,0.659,0.459,0.611,high_school,14,4,personality_weighted
80,female,White,0.518,0.648,0.415,0.405,0.659,associate,12,4,personality_weighted
81,male,Asian,0.193,0.316,0.725,0.56,0.386,high_school,14,4,personality_weighted
82,female,Latine,0.61,0.296,0.374,0.541,0.485,high_school,2,4,personality_weighted
83,male,Latine,0.664,0.573,0.521,0.486,0.375,bachelor,10,4,personality_weighted
84,male,White,0.367,0.426,0.53,0.444,0.573,associate,10,4,personality_weighted
85,female,Latine,0.649,0.36,0.364,0.489,0.432,master,7,4,personality_weighted
86,male,Latine,0.399,0.453,0.677,0.53,0.871,high_school,14,4,personality_weighted
87,female,White,0.538,0.565,0.812,0.373,0.629,high_school,6,4,personality_weighted
88,male,White,0.69,0.371,0.499,0.241,0.311,high_school,11,4,personality_weighted
89,female,Black,0.534,0.422,0.429,0.611,0.326,associate,5,4,personality_weighted
90,male,Black,0.686,0.4,0.641,0.382,0.774,high_school,11,4,personality_weighted
91,male,Multiracial,0.802,0.589,0.348,0.422,0.617,bachelor,10,4,personality_weighted
92,female,Black,0.614,0.52,0.306,0.378,0.535,high_school,8,4,personality_weighted
93,female,White,0.543,0.612,0.4,0.477,0.376,high_school,13,4,personality_weighted
94,male,White,0.603,0.582,0.536,0.583,0.494,master,6,4,personality_weighted
95,male,Asian,0.6,0.4,0.508,0.406,0.421,bachelor,10,4,personality_weighted
96,female,Latine,0.581,0.796,0.472,0.955,0.466,high_school,11,4,personality_weighted
97,female,Latine,0.625,0.483,0.767,0.536,0.541,master,4,4,personality_weighted
98,male,Black,0.409,0.384,0.901,0.46,0.281,associate,10,4,personality_weighted
99,female,Black,0.583,0.601,0.403,0.551,0.369,associate,15,4,personality_weighted
100,male,Latine,0.66,0.603,0.646,0.506,0.617,high_school,1,4,personality_weighted
1,male,White,0.594,0.557,0.352,0.275,0.393,associate,4,5,personality_weighted
2,male,Black,0.353,0.392,0.446,0.296,0.287,high_school,1,5,personality_weighted
3,female,White,0.483,0.659,0.305,0.469,0.654,associate,15,5,personality_weighted
4,male,Asian,0.454,0.666,0.564,0.449,0.572,high_school,7,5,personality_weighted
5,female,Black,0.506,0.491,0.606,0.346,0.653,high_school,3,5,personality_weighted
6,female,White,0.835,0.65,0.714,0.513,0.251,bachelor,9,5,personality_weighted
7,female,Black,0.363,0.491,0.592,0.282,0.433,high_school,15,5,personality_weighted
8,male,Black,0.427,0.582,0.665,0.611,0.636,high_school,14,5,personality_weighted
9,male,Black,0.539,0.539,0.573,0.551,0.373,high_school,1,5,personality_weighted
10,male,Asian,0.672,0.493,0.289,0.645,0.444,master,6,5,personality_weighted
11,female,Latine,0.369,0.449,0.516,0.336,0.55,associate,5,5,personality_weighted
12,female,Asian,0.088,0.494,0.453,0.377,0.662,associate,2,5,personality_weighted
13,male,Latine,0.212,0.33,0.644,0.184,0.385,master,0,5,personality_weighted
14,male,White,0.416,0.696,0.389,0.651,0.296,bachelor,10,5,personality_weighted
15,female,Latine,0.467,0.542,0.426,0.583,0.413,bachelor,11,5,personality_weighted
16,male,Black,0.434,0.523,0.583,0.809,0.641,associate,8,5,personality_weighted
17,female,Asian,0.573,0.606,0.349,0.433,0.424,associate,14,5,personality_weighted
18,female,Latine,0.663,0.629,0.476,0.4,0.67,master,2,5,personality_weighted
19,female,Black,0.525,0.617,0.637,0.543,0.588,high_school,11,5,personality_weighted
20,male,Asian,0.503,0.495,0.217,0.44,0.508,associate,8,5,personality_weighted
21,male,Black,0.338,0.256,0.448,0.615,0.753,associate,4,5,personality_weighted
22,male,Latine,0.538,0.527,0.581,0.362,0.51,associate,10,5,personality_weighted
23,male,Asian,0.448,0.094,0.407,0.421,0.347,bachelor,9,5,personality_weighted
24,female,Black,0.532,0.361,0.573,0.308,0.505,bachelor,9,5,personality_weighted
25,female,White,0.462,0.27,0.278,0.412,0.499,bachelor,12,5,personality_weighted
26,female,Multiracial,0.355,0.458,0.534,0.549,0.782,bachelor,12,5,personality_weighted
27,male,Black,0.496,0.425,0.268,0.423,0.339,associate,4,5,personality_weighted
28,male,Latine,0.588,0.59,0.364,0.461,0.221,bachelor,7,5,personality_weighted
29,male,Asian,0.393,0.658,0.273,0.313,0.606,associate,9,5,personality_weighted
30,male,White,0.574,0.494,0.171,0.197,0.519,associate,11,5,personality_weighted
31,male,White,0.517,0.642,0.52,0.684,0.501,bachelor,12,5,personality_weighted
32,male,White,0.922,0.556,0.557,0.579,0.782,high_school,9,5,personality_weighted
33,male,Multiracial,0.449,0.516,0.308,0.579,0.402,high_school,15,5,personality_weighted
34,male,White,0.797,0.507,0.51,0.444,0.666,bachelor,13,5,personality_weighted
35,female,Asian,0.419,0.494,0.263,0.606,0.791,master,7,5,personality_weighted
36,male,Latine,0.535,0.359,0.466,0.616,0.515,bachelor,9,5,personality_weighted
37,female,Latine,0.574,0.81,0.704,0.216,0.713,bachelor,7,5,personality_weighted
38,male,Latine,0.664,0.583,0.304,0.592,0.179,high_school,8,5,personality_weighted
39,male,White,0.425,0.633,0.646,0.697,0.631,bachelor,8,5,personality_weighted
40,female,Asian,0.513,0.464,0.318,0.357,0.458,high_school,4,5,personality_weighted
41,female,Asian,0.651,0.662,0.465,0.589,0.463,associate,4,5,personality_weighted
42,male,Asian,0.524,0.747,0.473,0.567,0.582,master,12,5,personality_weighted
43,female,Asian,0.406,0.661,0.554,0.454,0.567,associate,1,5,personality_weighted
44,female,White,0.391,0.506,0.453,0.262,0.362,master,3,5,personality_weighted
45,female,White,0.269,0.483,0.734,0.472,0.696,associate,5,5,personality_weighted
46,female,Latine,0.641,0.45,0.629,0.378,0.527,associate,15,5,personality_weighted
47,male,Asian,0.46,0.403,0.741,0.657,0.386,high_school,10,5,personality_weighted
48,female,White,0.655,0.244,0.639,0.462,0.468,associate,0,5,personality_weighted
49,female,Asian,0.608,0.517,0.312,0.475,0.707,bachelor,2,5,personality_weighted
50,male,Latine,0.574,0.628,0.609,0.618,0.554,master,3,5,personality_weighted
51,female,Asian,0.215,0.551,0.528,0.584,0.299,bachelor,0,5,personality_weighted
52,female,Latine,0.491,0.546,0.805,0.346,0.53,associate,2,5,personality_weighted
53,female,White,0.702,0.77,0.567,0.444,0.874,master,14,5,personality_weighted
54,female,Latine,0.709,0.645,0.863,0.292,0.719,bachelor,7,5,personality_weighted
55,female,Black,0.72,0.618,0.494,0.597,0.385,high_school,9,5,personality_weighted
56,female,Black,0.52,0.222,0.629,0.679,0.395,high_school,6,5,personality_weighted
57,female,Latine,0.406,0.367,0.658,0.49,0.803,high_school,10,5,personality_weighted
58,male,Asian,0.595,0.609,0.679,0.402,0.481,master,13,5,personality_weighted
59,male,Asian,0.7,0.536,0.298,0.267,0.75,high_school,6,5,personality_weighted
60,male,Asian,0.278,0.713,0.441,0.705,0.508,high_school,14,5,personality_weighted
61,male,White,0.608,0.593,0.552,0.465,0.787,master,7,5,personality_weighted
62,male,Latine,0.56,0.436,0.547,0.475,0.263,master,14,5,personality_weighted
63,male,White,0.521,0.573,0.579,0.585,0.21,associate,5,5,personality_weighted
64,female,Black,0.592,0.397,0.512,0.405,0.584,associate,3,5,personality_weighted
65,male,Asian,0.54,0.318,0.564,0.894,0.703,associate,15,5,personality_weighted
66,female,White,0.302,0.692,0.382,0.395,0.475,high_school,15,5,personality_weighted
67,male,Multiracial,0.366,0.389,0.383,0.578,0.465,bachelor,2,5,personality_weighted
68,female,White,0.458,0.571,0.6,0.478,0.512,high_school,10,5,personality_weighted
69,female,Latine,0.567,0.568,0.542,0.507,0.604,bachelor,2,5,personality_weighted
70,male,White,0.708,0.534,0.595,0.542,0.537,master,2,5,personality_weighted
71,female,White,0.444,0.511,0.433,0.427,0.732,master,13,5,personality_weighted
72,male,Latine,0.386,0.244,0.595,0.92,0.445,high_school,5,5,personality_weighted
73,female,Latine,0.695,0.458,0.405,0.473,0.614,high_school,7,5,personality_weighted
74,male,White,0.478,0.309,0.56,0.232,0.433,high_school,9,5,personality_weighted
75,female,Latine,0.49,0.675,0.639,0.567,0.639,master,5,5,personality_weighted
76,male,Black,0.563,0.582,0.664,0.36,0.364,high_school,7,5,personality_weighted
77,male,Latine,0.556,0.222,0.358,0.703,0.774,high_school,9,5,personality_weighted
78,nonbinary,Latine,0.767,0.426,0.428,0.732,0.444,high_school,0,5,personality_weighted
79,male,White,0.593,0.251,0.342,0.626,0.493,associate,15,5,personality_weighted
80,female,White,0.545,0.647,0.106,0.375,0.524,associate,8,5,personality_weighted
81,female,Black,0.454,0.421,0.463,0.672,0.39,associate,2,5,personality_weighted
82,male,White,0.455,0.644,0.685,0.49,0.468,bachelor,13,5,personality_weighted
83,female,White,0.535,0.535,0.331,0.355,0.822,master,8,5,personality_weighted
84,male,Latine,0.542,0.587,0.479,0.452,0.475,associate,8,5,personality_weighted
85,male,White,0.778,0.513,0.15,0.486,0.911,bachelor,0,5,personality_weighted
86,female,Black,0.389,0.297,0.448,0.514,0.219,master,2,5,personality_weighted
87,female,Asian,0.559,0.318,0.607,0.322,0.746,master,4,5,personality_weighted
88,male,Multiracial,0.75,0.547,0.584,0.503,0.346,high_school,15,5,personality_weighted
89,female,Latine,0.56,0.332,0.548,0.305,0.544,associate,1,5,personality_weighted
90,male,Black,0.685,0.387,0.508,0.353,0.438,bachelor,1,5,personality_weighted
91,female,Latine,0.288,0.149,0.342,0.594,0.26,high_school,9,5,personality_weighted
92,nonbinary,Multiracial,0.548,0.596,0.599,0.272,0.465,master,15,5,personality_weighted
93,female,White,0.343,0.344,0.276,0.703,0.863,bachelor,5,5,personality_weighted
94,male,Black,0.463,0.453,0.402,0.533,0.559,high_school,7,5,personality_weighted
95,male,Black,0.6,0.502,0.633,0.619,0.287,associate,9,5,personality_weighted
96,female,Black,0.613,0.553,0.665,0.559,0.531,associate,5,5,personality_weighted
97,female,Asian,0.722,0.517,0.454,0.374,0.605,associate,8,5,personality_weighted
98,male,Latine,0.204,0.492,0.494,0.391,0.858,high_school,13,5,personality_weighted
99,female,Latine,0.648,0.2,0.386,0.647,0.406,associate,4,5,personality_weighted
100,female,Asian,0.578,0.432,0.464,0.379,0.351,associate,13,5,personality_weighted
1,male,Black,0.265,0.533,0.535,0.755,0.4,associate,9,6,personality_weighted
2,female,Latine,0.612,0.616,0.549,0.462,0.446,associate,10,6,personality_weighted
3,male,Black,0.331,0.566,0.679,0.364,0.543,master,7,6,personality_weighted
4,male,White,0.59,0.398,0.652,0.463,0.403,high_school,9,6,personality_weighted
5,female,Latine,0.541,0.836,0.714,0.454,0.452,high_school,5,6,personality_weighted
6,male,White,0.554,0.538,0.603,0.758,0.526,associate,4,6,personality_weighted
7,male,Latine,0.452,0.501,0.529,0.554,0.297,bachelor,13,6,personality_weighted
8,male,Latine,0.403,0.595,0.475,0.529,0.316,bachelor,7,6,personality_weighted
9,female,White,0.391,0.524,0.83,0.497,0.396,master,7,6,personality_weighted
10,male,White,0.495,0.283,0.356,0.478,0.475,associate,0,6,personality_weighted
11,male,Black,0.633,0.485,0.56,0.419,0.586,high_school,6,6,personality_weighted
12,female,Latine,0.63,0.607,0.588,0.485,0.537,associate,8,6,personality_weighted
13,female,White,0.527,0.562,0.376,0.489,0.486,high_school,3,6,personality_weighted
14,female,Black,0.476,0.712,0.318,0.376,0.108,master,6,6,personality_weighted
15,female,White,0.666,0.629,0.512,0.444,0.654,high_school,8,6,personality_weighted
16,female,White,0.434,0.613,0.841,0.509,0.385,associate,7,6,personality_weighted
17,male,Black,0.583,0.623,0.565,0.467,0.585,associate,11,6,personality_weighted
18,male,Black,0.447,0.616,0.137,0.691,0.72,master,1,6,personality_weighted
19,male,Black,0.404,0.582,0.379,0.409,0.669,bachelor,0,6,personality_weighted
20,female,White,0.403,0.61,0.35,0.554,0.612,high_school,2,6,personality_weighted
21,female,Latine,0.468,0.353,0.653,0.385,0.552,associate,2,6,personality_weighted
22,female,Multiracial,0.707,0.53,0.349,0.546,0.478,bachelor,0,6,personality_weighted
23,male,White,0.443,0.713,0.224,0.514,0.799,bachelor,10,6,personality_weighted
24,female,Asian,0.718,0.556,0.374,0.397,0.416,associate,0,6,personality_weighted
25,male,Asian,0.568,0.3,0.301,0.58,0.298,bachelor,1,6,personality_weighted
26,male,Latine,0.346,0.486,0.576,0.659,0.591,bachelor,13,6,personality_weighted
27,male,Multiracial,0.388,0.339,0.423,0.561,0.55,associate,7,6,personality_weighted
28,male,Latine,0.512,0.287,0.853,0.496,0.558,bachelor,11,6,personality_weighted
29,female,Asian,0.818,0.65,0.623,0.586,0.35,master,3,6,personality_weighted
30,male,Asian,0.254,0.194,0.548,0.379,0.202,associate,6,6,personality_weighted
31,male,Multiracial,0.461,0.501,0.633,0.668,0.448,associate,5,6,personality_weighted
32,male,White,0.48,0.482,0.707,0.681,0.572,master,12,6,personality_weighted
33,male,Latine,0.581,0.991,0.321,0.397,0.563,bachelor,13,6,personality_weighted
34,female,White,0.636,0.674,0.606,0.356,0.711,associate,13,6,personality_weighted
35,male,Black,0.534,0.488,0.596,0.505,0.373,associate,0,6,personality_weighted
36,male,Asian,0.496,0.532,0.575,0.406,0.72,master,12,6,personality_weighted
37,male,Black,0.225,0.381,0.647,0.239,0.668,associate,14,6,personality_weighted
38,female,White,0.668,0.43,0.63,0.399,0.428,master,10,6,personality_weighted
39,female,Latine,0.472,0.309,0.338,0.559,0.777,master,1,6,personality_weighted
40,female,Asian,0.464,0.443,0.356,0.711,0.119,high_school,0,6,personality_weighted
41,male,Latine,0.754,0.393,0.398,0.48,0.562,bachelor,2,6,personality_weighted
42,male,Latine,0.692,0.511,0.568,0.461,0.401,bachelor,7,6,personality_weighted
43,male,Black,0.664,0.392,0.411,0.502,0.5,bachelor,4,6,personality_weighted
44,female,Latine,0.143,0.549,0.506,0.507,0.537,bachelor,0,6,personality_weighted
45,female,White,0.419,0.358,0.954,0.393,0.515,associate,4,6,personality_weighted
46,female,Black,0.434,0.657,0.571,0.585,0.234,high_school,3,6,personality_weighted
47,male,White,0.653,0.587,0.372,0.523,0.429,master,13,6,personality_weighted
48,male,Asian,0.668,0.488,0.427,0.416,0.554,bachelor,1,6,personality_weighted
49,male,Multiracial,0.578,0.47,0.328,0.513,0.28,bachelor,10,6,personality_weighted
50,female,Asian,0.446,0.433,0.793,0.553,0.551,bachelor,6,6,personality_weighted
51,female,White,0.645,0.567,0.473,0.479,0.61,master,15,6,personality_weighted
52,male,White,0.766,0.631,0.17,0.273,0.48,associate,8,6,personality_weighted
53,male,Latine,0.547,0.571,0.396,0.608,0.443,associate,13,6,personality_weighted
54,male,Asian,0.74,0.527,0.692,0.339,0.362,high_school,15,6,personality_weighted
55,male,White,0.43,0.348,0.31,0.493,0.43,associate,0,6,personality_weighted
56,female,Black,0.691,0.42,0.537,0.492,0.245,associate,12,6,personality_weighted
57,female,Latine,0.387,0.475,0.37,0.685,0.547,bachelor,6,6,personality_weighted
58,male,Asian,0.615,0.287,0.396,0.349,0.609,associate,11,6,personality_weighted
59,male,Latine,0.276,0.492,0.252,0.579,0.557,bachelor,10,6,personality_weighted
60,female,Black,0.623,0.29,0.356,0.55,0.176,high_school,0,6,personality_weighted
61,female,White,0.338,0.564,0.503,0.71,0.501,associate,4,6,personality_weighted
62,male,White,0.561,0.588,0.87,0.407,0.46,bachelor,11,6,personality_weighted
63,male,Black,0.492,0.663,0.407,0.648,0.581,bachelor,10,6,personality_weighted
64,male,Black,0.377,0.545,0.387,0.768,0.633,bachelor,5,6,personality_weighted
65,female,White,0.423,0.614,0.558,0.532,0.494,bachelor,12,6,personality_weighted
66,male,White,0.404,0.754,0.342,0.564,0.452,high_school,14,6,personality_weighted
67,male,Latine,0.355,0.549,0.294,0.428,0.177,high_school,2,6,personality_weighted
68,male,White,0.663,0.304,0.62,0.395,0.74,bachelor,5,6,personality_weighted
69,female,White,0.591,0.461,0.475,0.691,0.388,bachelor,7,6,personality_weighted
70,male,Latine,0.476,0.457,0.239,0.342,0.548,bachelor,15,6,personality_weighted
71,female,Latine,0.322,0.465,0.528,0.394,0.715,high_school,7,6,personality_weighted
72,male,Black,0.275,0.499,0.555,0.363,0.545,master,3,6,personality_weighted
73,nonbinary,Asian,0.541,0.222,0.355,0.585,0.503,high_school,3,6,personality_weighted
74,female,Latine,0.52,0.377,0.649,0.398,0.397,master,13,6,personality_weighted
75,male,White,0.554,0.569,0.619,0.311,0.597,high_school,1,6,personality_weighted
76,female,Black,0.575,0.518,0.039,0.527,0.596,master,4,6,personality_weighted
77,male,Asian,0.485,0.746,0.547,0.566,0.657,master,0,6,personality_weighted
78,male,White,0.428,0.614,0.447,0.62,0.522,bachelor,3,6,personality_weighted
79,female,White,0.576,0.725,0.244,0.431,0.627,master,12,6,personality_weighted
80,female,Latine,0.614,0.63,0.446,0.55,0.677,associate,2,6,personality_weighted
81,female,White,0.492,0.584,0.483,0.528,0.341,high_school,8,6,personality_weighted
82,female,Latine,0.515,0.799,0.437,0.4,0.417,bachelor,12,6,personality_weighted
83,female,Latine,0.91,0.589,0.334,0.494,0.51,master,14,6,personality_weighted
84,female,Latine,0.419,0.618,0.395,0.345,0.236,associate,12,6,personality_weighted
85,male,Black,0.547,0.32,0.028,0.343,0.429,master,3,6,personality_weighted
86,female,Multiracial,0.632,0.497,0.494,0.375,0.491,associate,1,6,personality_weighted
87,female,Latine,0.358,0.649,0.564,0.433,0.522,bachelor,10,6,personality_weighted
88,female,Latine,0.407,0.358,0.257,0.446,0.585,master,0,6,personality_weighted
89,female,Multiracial,0.696,0.619,0.778,0.382,0.116,master,14,6,personality_weighted
90,male,White,0.541,0.698,0.557,0.62,0.359,master,0,6,personality_weighted
91,female,Asian,0.407,0.407,0.403,0.394,0.308,bachelor,12,6,personality_weighted
92,male,Latine,0.666,0.544,0.54,0.389,0.482,bachelor,9,6,personality_weighted
93,male,Latine,0.662,0.501,0.619,0.427,0.228,high_school,0,6,personality_weighted
94,female,White,0.563,0.448,0.379,0.583,0.564,associate,11,6,personality_weighted
95,male,White,0.412,0.745,0.63,0.446,0.543,high_school,4,6,personality_weighted
96,female,Black,0.492,0.447,0.537,0.669,0.452,master,2,6,personality_weighted
97,female,Black,0.477,0.456,0.836,0.164,0.442,high_school,10,6,personality_weighted
98,female,Black,0.622,0.493,0.459,0.483,0.484,high_school,15,6,personality_weighted
99,male,Latine,0.613,0.315,0.342,0.238,0.63,master,12,6,personality_weighted
100,male,Latine,0.768,0.409,0.525,0.628,0.352,bachelor,3,6,personality_weighted
1,male,Latine,0.545,0.741,0.681,0.555,0.352,master,5,7,personality_weighted
2,male,Black,0.53,0.102,0.449,0.598,0.464,high_school,11,7,personality_weighted
3,male,White,0.489,0.505,0.448,0.684,0.372,high_school,3,7,personality_weighted
4,female,Asian,0.302,0.502,0.797,0.587,0.241,high_school,11,7,personality_weighted
5,female,White,0.671,0.368,0.553,0.627,0.433,high_school,6,7,personality_weighted
6,female,Latine,0.581,0.498,0.646,0.431,0.301,bachelor,2,7,personality_weighted
7,female,White,0.49,0.51,0.442,0.497,0.494,associate,4,7,personality_weighted
8,female,Latine,0.478,0.587,0.293,0.429,0.399,master,11,7,personality_weighted
9,nonbinary,White,0.402,0.432,0.463,0.693,0.217,bachelor,12,7,personality_weighted
10,male,Latine,0.378,0.258,0.39,0.198,0.347,master,15,7,personality_weighted
11,male,Black,0.35,0.27,0.329,0.494,0.63,bachelor,2,7,personality_weighted
12,female,Black,0.504,0.452,0.47,0.806,0.236,bachelor,9,7,personality_weighted
13,female,White,0.403,0.421,0.467,0.261,0.589,bachelor,3,7,personality_weighted
14,female,Latine,0.513,0.365,0.45,0.823,0.514,high_school,5,7,personality_weighted
15,male,White,0.32,0.344,0.433,0.641,0.587,associate,5,7,personality_weighted
16,male,Latine,0.541,0.406,0.458,0.566,0.448,bachelor,10,7,personality_weighted
17,male,White,0.677,0.584,0.28,0.335,0.375,master,6,7,personality_weighted
18,female,White,0.688,0.546,0.433,0.188,0.511,master,7,7,personality_weighted
19,male,White,0.686,0.618,0.356,0.423,0.486,associate,9,7,personality_weighted
20,male,Black,0.337,0.68,0.515,0.241,0.492,master,8,7,personality_weighted
21,male,Latine,0.624,0.528,0.303,0.288,0.668,high_school,2,7,personality_weighted
22,male,Black,0.658,0.603,0.363,0.76,0.58,bachelor,15,7,personality_weighted
23,female,White,0.249,0.605,0.357,0.556,0.422,bachelor,8,7,personality_weighted
24,female,Asian,0.783,0.708,0.553,0.496,0.627,associate,8,7,personality_weighted
25,female,White,0.227,0.668,0.81,0.512,0.181,master,8,7,personality_weighted
26,male,Black,0.594,0.538,0.427,0.403,0.519,associate,9,7,personality_weighted
27,female,Asian,0.551,0.473,0.288,0.648,0.089,master,4,7,personality_weighted
28,male,White,0.584,0.669,0.393,0.588,0.529,master,10,7,personality_weighted
29,male,Asian,0.563,0.558,0.541,0.426,0.624,high_school,7,7,personality_weighted
30,male,White,0.398,0.564,0.662,0.449,0.617,associate,14,7,personality_weighted
31,male,White,0.455,0.396,0.564,0.535,0.261,bachelor,4,7,personality_weighted
32,female,Asian,0.545,0.617,0.309,0.288,0.751,bachelor,15,7,personality_weighted
33,female,Black,0.423,0.321,0.633,0.383,0.664,master,3,7,personality_weighted
34,female,Asian,0.106,0.482,0.474,0.624,0.217,high_school,14,7,personality_weighted
35,female,Latine,0.492,0.652,0.279,0.607,0.384,high_school,1,7,personality_weighted
36,nonbinary,Asian,0.376,0.556,0.229,0.181,0.706,bachelor,2,7,personality_weighted
37,female,Latine,0.5,0.653,0.563,0.522,0.664,bachelor,11,7,personality_weighted
38,female,Black,0.459,0.442,0.511,0.505,0.343,high_school,8,7,personality_weighted
39,female,Asian,0.456,0.554,0.182,0.634,0.398,associate,0,7,personality_weighted
40,female,White,0.787,0.458,0.686,0.506,0.562,high_school,14,7,personality_weighted
41,female,Black,0.352,0.404,0.515,0.467,0.607,master,2,7,personality_weighted
42,female,Black,0.285,0.805,0.546,0.572,0.299,master,7,7,personality_weighted
43,female,Black,0.661,0.847,0.358,0.347,0.368,associate,4,7,personality_weighted
44,female,Latine,0.505,0.378,0.634,0.443,0.461,master,2,7,personality_weighted
45,female,Latine,0.502,0.619,0.747,0.588,0.62,master,11,7,personality_weighted
46,female,Latine,0.526,0.287,0.451,0.488,0.423,high_school,4,7,personality_weighted
47,female,Asian,0.54,0.512,0.36,0.502,0.502,high_school,7,7,personality_weighted
48,male,Latine,0.562,0.569,0.413,0.57,0.473,master,6,7,personality_weighted
49,female,Black,0.248,0.517,0.738,0.386,0.5,bachelor,5,7,personality_weighted
50,male,Asian,0.507,0.703,0.599,0.369,0.403,associate,6,7,personality_weighted
51,male,Latine,0.492,0.278,0.742,0.527,0.364,master,15,7,personality_weighted
52,female,White,0.652,0.835,0.609,0.486,0.435,bachelor,5,7,personality_weighted
53,nonbinary,Latine,0.817,0.709,0.239,0.4,0.4,associate,4,7,personality_weighted
54,female,White,0.558,0.338,0.534,0.592,0.5,high_school,15,7,personality_weighted
55,male,Latine,0.577,0.549,0.586,0.712,0.641,high_school,6,7,personality_weighted
56,male,Asian,0.467,0.538,0.428,0.36,0.322,associate,0,7,personality_weighted
57,female,White,0.35,0.441,0.3,0.557,0.611,associate,11,7,personality_weighted
58,male,Asian,0.393,0.383,0.679,0.633,0.59,high_school,4,7,personality_weighted
59,female,White,0.559,0.652,0.558,0.507,0.459,master,11,7,personality_weighted
60,male,Asian,0.262,0.419,0.807,0.406,0.464,associate,14,7,personality_weighted
61,female,Black,0.472,0.627,0.395,0.618,0.623,master,14,7,personality_weighted
62,female,Black,0.465,0.658,0.549,0.369,0.485,associate,15,7,personality_weighted
63,male,Latine,0.618,0.312,0.573,0.314,0.277,bachelor,13,7,personality_weighted
64,male,Black,0.575,0.58,0.352,0.484,0.274,high_school,3,7,personality_weighted
65,female,Latine,0.631,0.666,0.407,0.589,0.401,bachelor,6,7,personality_weighted
66,female,Latine,0.434,0.796,0.271,0.557,0.351,bachelor,2,7,personality_weighted
67,male,Latine,0.358,0.385,0.639,0.766,0.572,high_school,12,7,personality_weighted
68,male,Black,0.515,0.719,0.389,0.494,0.593,high_school,5,7,personality_weighted
69,male,Multiracial,0.648,0.679,0.727,0.771,0.52,associate,13,7,personality_weighted
70,female,White,0.353,0.345,0.574,0.473,0.496,associate,1,7,personality_weighted
71,male,Asian,0.21,0.538,0.604,0.271,0.402,high_school,11,7,personality_weighted
72,female,Black,0.803,0.378,0.579,0.584,0.558,high_school,9,7,personality_weighted
73,male,Black,0.665,0.341,0.619,0.634,0.547,high_school,1,7,personality_weighted
74,male,White,0.518,0.197,0.488,0.4,0.322,associate,2,7,personality_weighted
75,female,White,0.415,0.544,0.649,0.376,0.499,high_school,2,7,personality_weighted
76,female,Latine,0.436,0.48,0.425,0.521,0.789,high_school,14,7,personality_weighted
77,female,White,0.417,0.772,0.501,0.767,0.613,master,3,7,personality_weighted
78,female,Latine,0.511,0.635,0.498,0.453,0.462,master,2,7,personality_weighted
79,male,White,0.4,0.557,0.729,0.672,0.312,associate,1,7,personality_weighted
80,female,Black,0.741,0.287,0.257,0.376,0.543,associate,2,7,personality_weighted
81,male,Latine,0.588,0.676,0.236,0.678,0.453,high_school,3,7,personality_weighted
82,female,Asian,0.535,0.673,0.262,0.505,0.337,associate,12,7,personality_weighted
83,male,White,0.42,0.639,0.704,0.254,0.592,associate,9,7,personality_weighted
84,female,Latine,0.641,0.32,0.473,0.494,0.607,master,1,7,personality_weighted
85,female,White,0.651,0.843,0.274,0.547,0.337,associate,2,7,personality_weighted
86,female,White,0.412,0.489,0.548,0.573,0.499,master,2,7,personality_weighted
87,male,Latine,0.674,0.394,0.26,0.495,0.694,high_school,2,7,personality_weighted
88,female,Latine,0.764,0.346,0.391,0.586,0.222,master,11,7,personality_weighted
89,male,Latine,0.584,0.476,0.341,0.479,0.354,bachelor,12,7,personality_weighted
90,female,White,0.556,0.639,0.455,0.428,0.571,bachelor,7,7,personality_weighted
91,male,Black,0.368,0.595,0.633,0.352,0.601,associate,9,7,personality_weighted
92,male,White,0.621,0.619,0.786,0.394,0.352,master,3,7,personality_weighted
93,female,White,0.469,0.418,0.618,0.553,0.41,high_school,9,7,personality_weighted
94,female,Latine,0.426,0.166,0.336,0.389,0.511,bachelor,2,7,personality_weighted
95,male,Black,0.526,0.564,0.56,0.502,0.269,high_school,9,7,personality_weighted
96,female,Latine,0.511,0.714,0.622,0.352,0.602,associate,2,7,personality_weighted
97,female,Asian,0.476,0.289,0.568,0.533,0.466,master,12,7,personality_weighted
98,female,Latine,0.493,0.525,0.554,0.327,0.366,master,11,7,personality_weighted
99,male,Latine,0.52,0.556,0.59,0.319,0.49,bachelor,8,7,personality_weighted
100,female,Asian,0.551,0.349,0.608,0.476,0.584,bachelor,5,7,personality_weighted
1,female,White,0.537,0.574,0.413,0.299,0.744,high_school,14,8,personality_weighted
2,female,Asian,0.384,0.576,0.701,0.318,0.481,bachelor,13,8,personality_weighted
3,male,Latine,0.265,0.593,0.669,0.488,0.561,master,14,8,personality_weighted
4,nonbinary,White,0.558,0.574,0.725,0.342,0.417,bachelor,1,8,personality_weighted
5,male,Black,0.472,0.351,0.51,0.526,0.64,associate,1,8,personality_weighted
6,male,Latine,0.472,0.393,0.543,0.45,0.753,high_school,4,8,personality_weighted
7,male,White,0.487,0.311,0.468,0.515,0.534,high_school,14,8,personality_weighted
8,male,Black,0.398,0.718,0.616,0.441,0.484,high_school,2,8,personality_weighted
9,male,White,0.88,0.528,0.599,0.247,0.427,high_school,1,8,personality_weighted
10,female,Asian,0.646,0.233,0.601,0.788,0.201,associate,11,8,personality_weighted
11,female,White,0.499,0.148,0.567,0.673,0.555,master,12,8,personality_weighted
12,male,White,0.604,0.762,0.669,0.202,0.273,associate,11,8,personality_weighted
13,female,White,0.559,0.285,0.617,0.59,0.418,master,14,8,personality_weighted
14,female,Black,0.501,0.525,0.557,0.537,0.46,master,12,8,personality_weighted
15,female,White,0.548,0.472,0.403,0.578,0.417,bachelor,12,8,personality_weighted
16,female,White,0.451,0.424,0.253,0.557,0.535,master,8,8,personality_weighted
17,female,Latine,0.443,0.369,0.351,0.24,0.73,associate,5,8,personality_weighted
18,female,Black,0.772,0.447,0.46,0.716,0.599,associate,10,8,personality_weighted
19,female,White,0.408,0.223,0.458,0.672,0.59,bachelor,8,8,personality_weighted
20,female,Latine,0.652,0.565,0.525,0.38,0.63,bachelor,4,8,personality_weighted
21,female,White,0.274,0.464,0.499,0.431,0.655,bachelor,15,8,personality_weighted
22,male,White,0.503,0.977,0.523,0.529,0.243,associate,8,8,personality_weighted
23,male,Latine,0.176,0.505,0.706,0.506,0.45,associate,13,8,personality_weighted
24,female,Black,0.233,0.67,0.615,0.67,0.588,high_school,2,8,personality_weighted
25,female,Latine,0.227,0.275,0.39,0.481,0.558,associate,12,8,personality_weighted
26,male,Black,0.369,0.536,0.373,0.472,0.548,high_school,15,8,personality_weighted
27,female,Asian,0.411,0.789,0.448,0.52,0.427,associate,8,8,personality_weighted
28,female,Asian,0.681,0.588,0.492,0.667,0.881,bachelor,10,8,personality_weighted
29,male,Latine,0.697,0.41,0.458,0.269,0.322,bachelor,4,8,personality_weighted
30,female,Black,0.58,0.363,0.391,0.706,0.669,high_school,11,8,personality_weighted
31,male,Black,0.351,0.559,0.841,0.531,0.384,high_school,15,8,personality_weighted
32,female,White,0.605,0.668,0.453,0.443,0.356,master,13,8,personality_weighted
33,female,Black,0.784,0.57,0.586,0.633,0.616,bachelor,10,8,personality_weighted
34,female,Latine,0.566,0.551,0.443,0.301,0.522,high_school,10,8,personality_weighted
35,female,White,0.645,0.879,0.441,0.419,0.334,high_school,4,8,personality_weighted
36,male,Latine,0.474,0.203,0.639,0.384,0.495,associate,0,8,personality_weighted
37,female,Black,0.498,0.572,0.716,0.61,0.644,high_school,10,8,personality_weighted
38,female,Black,0.651,0.661,0.597,0.282,0.374,associate,6,8,personality_weighted
39,male,White,0.671,0.697,0.68,0.681,0.344,high_school,6,8,personality_weighted
40,female,White,0.409,0.253,0.457,0.699,0.569,bachelor,2,8,personality_weighted
41,male,White,0.527,0.503,0.308,0.667,0.425,master,11,8,personality_weighted
42,male,White,0.67,0.446,0.492,0.491,0.617,bachelor,15,8,personality_weighted
43,male,Black,0.635,0.465,0.624,0.756,0.8,bachelor,1,8,personality_weighted
44,nonbinary,Asian,0.586,0.751,0.565,0.568,0.508,associate,14,8,personality_weighted
45,male,Multiracial,0.476,0.52,0.758,0.464,0.508,master,8,8,personality_weighted
46,female,White,0.744,0.531,0.586,0.477,0.579,high_school,13,8,personality_weighted
47,male,Asian,0.568,0.456,0.464,0.756,0.907,bachelor,10,8,personality_weighted
48,female,Latine,0.485,0.634,0.589,0.526,0.579,high_school,4,8,personality_weighted
49,male,White,0.262,0.326,0.332,0.615,0.537,bachelor,10,8,personality_weighted
50,male,Black,0.599,0.083,0.684,0.227,0.627,master,1,8,personality_weighted
51,female,Black,0.159,0.604,0.229,0.564,0.469,high_school,9,8,personality_weighted
52,female,White,0.283,0.686,0.439,0.29,0.739,bachelor,3,8,personality_weighted
53,female,Latine,0.38,0.487,0.518,0.729,0.566,master,9,8,personality_weighted
54,male,Latine,0.696,0.501,0.441,0.415,0.417,bachelor,2,8,personality_weighted
55,female,Black,0.469,0.606,0.128,0.585,0.476,high_school,5,8,personality_weighted
56,male,Latine,0.181,0.638,0.536,0.453,0.355,associate,5,8,personality_weighted
57,female,Black,0.53,0.293,0.534,0.492,0.63,master,1,8,personality_weighted
58,male,White,0.349,0.287,0.472,0.562,0.254,master,12,8,personality_weighted
59,female,Black,0.37,0.353,0.654,0.273,0.66,associate,0,8,personality_weighted
60,male,White,0.478,0.592,0.3,0.575,0.513,bachelor,9,8,personality_weighted
61,female,Latine,0.552,0.743,0.716,0.558,0.455,high_school,15,8,personality_weighted
62,male,Asian,0.379,0.614,0.82,0.491,0.298,bachelor,10,8,personality_weighted
63,male,Asian,0.632,0.42,0.625,0.476,0.39,high_school,2,8,personality_weighted
64,female,White,0.486,0.597,0.419,0.342,0.465,master,15,8,personality_weighted
65,female,Black,0.523,0.575,0.746,0.553,0.597,high_school,13,8,personality_weighted
66,male,Black,0.337,0.3,0.619,0.544,0.512,bachelor,6,8,personality_weighted
67,female,White,0.808,0.283,0.378,0.17,0.554,high_school,4,8,personality_weighted
68,female,Latine,0.617,0.607,0.772,0.397,0.533,high_school,1,8,personality_weighted
69,female,Black,0.57,0.653,0.649,0.374,0.65,high_school,12,8,personality_weighted
70,female,Asian,0.416,0.761,0.546,0.526,0.461,high_school,3,8,personality_weighted
71,female,White,0.459,0.468,0.522,0.395,0.566,bachelor,3,8,personality_weighted
72,male,Black,0.428,0.434,0.8,0.65,0.642,high_school,12,8,personality_weighted
73,female,Black,0.617,0.574,0.693,0.468,0.479,associate,11,8,personality_weighted
74,female,Black,0.61,0.497,0.341,0.187,0.48,master,13,8,personality_weighted
75,male,Asian,0.794,0.494,0.643,0.432,0.423,master,14,8,personality_weighted
76,female,Multiracial,0.404,0.38,0.323,0.469,0.765,master,3,8,personality_weighted
77,female,White,0.345,0.648,0.543,0.405,0.511,master,2,8,personality_weighted
78,male,White,0.6,0.1,0.49,0.812,0.699,master,7,8,personality_weighted
79,male,Black,0.757,0.537,0.385,0.505,0.109,master,13,8,personality_weighted
80,male,Latine,0.209,0.443,0.651,0.282,0.534,associate,6,8,personality_weighted
81,male,White,0.474,0.628,0.301,0.467,0.432,associate,4,8,personality_weighted
82,male,Latine,0.388,0.521,0.724,0.375,0.522,master,4,8,personality_weighted
83,male,Black,0.712,0.384,0.654,0.407,0.406,master,13,8,personality_weighted
84,male,White,0.614,0.457,0.499,0.401,0.636,master,4,8,personality_weighted
85,male,Asian,0.503,0.614,0.504,0.455,0.495,associate,10,8,personality_weighted
86,male,Latine,0.502,0.63,0.485,0.771,0.477,associate,2,8,personality_weighted
87,male,Black,0.344,0.42,0.67,0.495,0.427,high_school,8,8,personality_weighted
88,female,White,0.372,0.426,0.772,0.536,0.46,bachelor,15,8,personality_weighted
89,female,Asian,0.533,0.639,0.326,0.502,0.333,bachelor,8,8,personality_weighted
90,female,White,0.452,0.403,0.508,0.328,0.564,bachelor,10,8,personality_weighted
91,female,Black,0.556,0.196,0.581,0.965,0.482,master,6,8,personality_weighted
92,male,Latine,0.646,0.177,0.585,0.886,0.593,master,13,8,personality_weighted
93,female,Black,0.685,0.357,0.511,0.371,0.418,high_school,11,8,personality_weighted
94,male,Latine,0.328,0.219,0.312,0.517,0.647,associate,10,8,personality_weighted
95,female,White,0.464,0.338,0.649,0.815,0.236,associate,11,8,personality_weighted
96,female,White,0.585,0.683,0.512,0.583,0.764,master,15,8,personality_weighted
97,female,White,0.362,0.647,0.294,0.462,0.515,high_school,7,8,personality_weighted
98,male,Black,0.482,0.435,0.652,0.536,0.716,associate,15,8,personality_weighted
99,female,Latine,0.257,0.225,0.557,0.296,0.688,associate,7,8,personality_weighted
100,male,White,0.593,0.379,0.352,0.678,0.553,high_school,0,8,personality_weighted
1,female,Black,0.557,0.377,0.811,0.413,0.733,high_school,12,9,personality_weighted
2,female,Multiracial,0.672,0.374,0.661,0.777,0.461,high_school,7,9,personality_weighted
3,male,Black,0.757,0.349,0.359,0.742,0.594,associate,4,9,personality_weighted
4,female,White,0.401,0.521,0.234,0.603,0.549,high_school,8,9,personality_weighted
5,female,Asian,0.609,0.324,0.577,0.811,0.723,master,0,9,personality_weighted
6,male,Black,0.489,0.29,0.558,0.498,0.787,master,2,9,personality_weighted
7,female,Latine,0.346,0.608,0.663,0.356,0.504,high_school,1,9,personality_weighted
8,male,Asian,0.435,0.463,0.331,0.403,0.764,associate,11,9,personality_weighted
9,male,Multiracial,0.26,0.348,0.704,0.479,0.784,high_school,15,9,personality_weighted
10,female,Black,0.099,0.531,0.493,0.723,0.645,high_school,15,9,personality_weighted
11,male,Multiracial,0.686,0.461,0.364,0.53,0.47,master,5,9,personality_weighted
12,female,Latine,0.635,0.664,0.618,0.713,0.591,associate,2,9,personality_weighted
13,female,White,0.505,0.758,0.743,0.499,0.432,associate,4,9,personality_weighted
14,male,Latine,0.452,0.55,0.497,0.4,0.519,high_school,4,9,personality_weighted
15,male,White,0.693,0.645,0.459,0.613,0.512,bachelor,9,9,personality_weighted
16,male,White,0.889,0.719,0.607,0.537,0.525,associate,4,9,personality_weighted
17,male,Latine,0.493,0.184,0.418,0.463,0.468,bachelor,5,9,personality_weighted
18,female,White,0.599,0.416,0.49,0.496,0.385,bachelor,15,9,personality_weighted
19,male,White,0.336,0.494,0.518,0.204,0.494,associate,6,9,personality_weighted
20,male,Asian,0.688,0.717,0.92,0.614,0.524,master,7,9,personality_weighted
21,female,White,0.403,0.56,0.402,0.397,0.562,high_school,2,9,personality_weighted
22,male,White,0.328,0.368,0.562,0.533,0.66,high_school,13,9,personality_weighted
23,female,White,0.531,0.665,0.638,0.556,0.691,master,0,9,personality_weighted
24,female,White,0.673,0.736,0.282,0.712,0.324,bachelor,8,9,personality_weighted
25,male,Black,0.266,0.597,0.602,0.658,0.435,associate,8,9,personality_weighted
26,male,White,0.075,0.356,0.501,0.337,0.461,associate,13,9,personality_weighted
27,female,Latine,0.594,0.465,0.432,0.475,0.499,high_school,2,9,personality_weighted
28,male,Asian,0.689,0.589,0.676,0.348,0.444,bachelor,8,9,personality_weighted
29,male,White,0.723,0.328,0.431,0.489,0.588,associate,5,9,personality_weighted
30,female,White,0.208,0.433,0.524,0.562,0.479,high_school,8,9,personality_weighted
31,male,Latine,0.403,0.506,0.557,0.758,0.618,master,1,9,personality_weighted
32,male,Asian,0.465,0.478,0.349,0.69,0.633,master,10,9,personality_weighted
33,female,Latine,0.608,0.298,0.478,0.491,0.594,high_school,9,9,personality_weighted
34,male,Latine,0.491,0.51,0.753,0.587,0.512,bachelor,11,9,personality_weighted
35,male,White,0.479,0.337,0.713,0.559,0.394,bachelor,11,9,personality_weighted
36,male,White,0.42,0.402,0.551,0.446,0.432,bachelor,12,9,personality_weighted
37,male,Latine,0.452,0.53,0.612,0.605,0.583,high_school,14,9,personality_weighted
38,female,Latine,0.411,0.503,0.382,0.514,0.355,high_school,5,9,personality_weighted
39,female,Multiracial,0.374,0.336,0.563,0.706,0.44,associate,10,9,personality_weighted
40,female,Asian,0.795,0.867,0.094,0.485,0.392,bachelor,9,9,personality_weighted
41,female,Black,0.483,0.363,0.474,0.577,0.322,associate,0,9,personality_weighted
42,male,Latine,0.479,0.44,0.582,0.766,0.587,associate,9,9,personality_weighted
43,female,White,0.46,0.242,0.623,0.337,0.724,associate,6,9,personality_weighted
44,female,Latine,0.315,0.594,0.425,0.337,0.457,master,14,9,personality_weighted
45,female,White,0.382,0.76,0.301,0.742,0.348,bachelor,9,9,personality_weighted
46,male,Black,0.62,0.725,0.679,0.439,0.528,master,5,9,personality_weighted
47,male,Asian,0.434,0.537,0.213,0.493,0.727,bachelor,15,9,personality_weighted
48,female,Black,0.569,0.152,0.667,0.468,0.775,master,3,9,personality_weighted
49,male,Latine,0.45,0.295,0.589,0.601,0.768,master,8,9,personality_weighted
50,male,Multiracial,0.295,0.721,0.383,0.722,0.579,bachelor,5,9,personality_weighted
51,male,Latine,0.498,0.445,0.604,0.478,0.38,bachelor,9,9,personality_weighted
52,female,Latine,0.432,0.319,0.76,0.732,0.633,bachelor,14,9,personality_weighted
53,male,White,0.447,0.405,0.781,0.493,0.765,high_school,11,9,personality_weighted
54,male,White,0.504,0.46,0.325,0.662,0.384,associate,9,9,personality_weighted
55,male,White,0.673,0.495,0.327,0.73,0.445,bachelor,15,9,personality_weighted
56,male,Latine,0.282,0.407,0.612,0.444,0.553,high_school,14,9,personality_weighted
57,male,White,0.788,0.448,0.558,0.265,0.728,master,2,9,personality_weighted
58,male,White,0.592,0.601,0.432,0.664,0.386,master,0,9,personality_weighted
59,male,Latine,0.431,0.507,0.339,0.537,0.507,associate,12,9,personality_weighted
60,female,Black,0.408,0.481,0.349,0.852,0.659,high_school,4,9,personality_weighted
61,female,Asian,0.116,0.44,0.293,0.465,0.531,bachelor,11,9,personality_weighted
62,female,Asian,0.502,0.552,0.422,0.707,0.484,high_school,0,9,personality_weighted
63,male,Latine,0.491,0.451,0.595,0.455,0.101,master,15,9,personality_weighted
64,male,Latine,0.783,0.497,0.306,0.437,0.502,master,7,9,personality_weighted
65,female,Latine,0.572,0.498,0.306,0.732,0.511,associate,1,9,personality_weighted
66,male,White,0.522,0.284,0.663,0.484,0.674,high_school,3,9,personality_weighted
67,male,Latine,0.614,0.369,0.427,0.5,0.518,master,15,9,personality_weighted
68,male,Black,0.443,0.466,0.524,0.481,0.345,master,9,9,personality_weighted
69,female,Asian,0.444,0.293,0.641,0.486,0.372,master,11,9,personality_weighted
70,female,White,0.345,0.281,0.34,0.704,0.39,high_school,12,9,personality_weighted
71,male,Asian,0.346,0.506,0.508,0.849,0.595,associate,12,9,personality_weighted
72,female,Latine,0.256,0.374,0.464,0.437,0.45,associate,7,9,personality_weighted
73,female,Latine,0.47,0.657,0.495,0.353,0.298,high_school,3,9,personality_weighted
74,female,Black,0.29,0.622,0.517,0.528,0.716,master,10,9,personality_weighted
75,male,White,0.471,0.486,0.375,0.197,0.416,master,12,9,personality_weighted
76,female,Black,0.793,0.614,0.707,0.615,0.756,associate,15,9,personality_weighted
77,male,Latine,0.469,0.494,0.449,0.593,0.392,master,7,9,personality_weighted
78,female,Latine,0.467,0.568,0.719,0.545,0.717,associate,11,9,personality_weighted
79,male,White,0.531,0.714,0.325,0.457,0.717,high_school,5,9,personality_weighted
80,nonbinary,White,0.795,0.263,0.741,0.416,0.433,master,12,9,personality_weighted
81,male,Latine,0.333,0.611,0.401,0.318,0.421,high_school,9,9,personality_weighted
82,male,Black,0.604,0.662,0.453,0.343,0.511,high_school,8,9,personality_weighted
83,female,Multiracial,0.392,0.469,0.386,0.606,0.259,master,14,9,personality_weighted
84,female,Latine,0.282,0.409,0.44,0.441,0.523,master,4,9,personality_weighted
85,male,White,0.379,0.514,0.519,0.682,0.41,associate,12,9,personality_weighted
86,female,Latine,0.724,0.694,0.53,0.461,0.576,master,0,9,personality_weighted
87,female,White,0.439,0.431,0.318,0.583,0.377,bachelor,8,9,personality_weighted
88,male,White,0.673,0.177,0.803,0.436,0.521,master,4,9,personality_weighted
89,male,Black,0.65,0.578,0.764,0.578,0.795,bachelor,0,9,personality_weighted
90,female,Latine,0.414,0.724,0.504,0.659,0.397,master,9,9,personality_weighted
91,male,Latine,0.566,0.64,0.175,0.487,0.562,associate,11,9,personality_weighted
92,male,White,0.507,0.677,0.158,0.588,0.45,bachelor,8,9,personality_weighted
93,female,Asian,0.656,0.48,0.631,0.63,0.487,master,11,9,personality_weighted
94,male,Black,0.494,0.343,0.247,0.625,0.418,master,5,9,personality_weighted
95,female,Latine,0.493,0.474,0.557,0.686,0.301,master,11,9,personality_weighted
96,male,Black,0.479,0.563,0.552,0.587,0.584,bachelor,2,9,personality_weighted
97,male,Black,0.528,0.276,0.483,0.529,0.328,high_school,5,9,personality_weighted
98,male,Black,0.525,0.253,0.553,0.492,0.577,bachelor,14,9,personality_weighted
99,male,White,0.419,0.503,0.522,0.471,0.437,high_school,1,9,personality_weighted
100,female,White,0.416,0.994,0.563,0.293,0.626,associate,4,9,personality_weighted
1,female,Black,0.434,0.741,0.585,0.646,0.565,associate,6,10,personality_weighted
2,female,Latine,0.52,0.77,0.628,0.532,0.538,bachelor,3,10,personality_weighted
3,male,White,0.533,0.438,0.551,0.503,0.616,high_school,2,10,personality_weighted
4,female,White,0.769,0.479,0.488,0.449,0.427,high_school,5,10,personality_weighted
5,male,White,0.484,0.593,0.511,0.471,0.551,high_school,7,10,personality_weighted
6,female,White,0.59,0.407,0.607,0.364,0.414,bachelor,14,10,personality_weighted
7,male,Asian,0.355,0.395,0.688,0.414,0.472,associate,4,10,personality_weighted
8,female,Multiracial,0.611,0.581,0.511,0.421,0.378,associate,6,10,personality_weighted
9,female,White,0.506,0.455,0.331,0.527,0.438,associate,8,10,personality_weighted
10,female,White,0.444,0.487,0.369,0.598,0.49,master,13,10,personality_weighted
11,female,White,0.517,0.311,0.581,0.359,0.638,high_school,8,10,personality_weighted
12,male,White,0.398,0.557,0.676,0.75,0.506,bachelor,1,10,personality_weighted
13,female,Black,0.359,0.563,0.149,0.332,0.57,high_school,1,10,personality_weighted
14,nonbinary,Black,0.425,0.355,0.429,0.355,0.485,associate,9,10,personality_weighted
15,female,Latine,0.392,0.709,0.344,0.511,0.677,master,1,10,personality_weighted
16,male,Black,0.563,0.419,0.592,0.779,0.571,bachelor,0,10,personality_weighted
17,female,White,0.569,0.347,0.412,0.824,0.462,bachelor,15,10,personality_weighted
18,female,White,0.433,0.687,0.506,0.266,0.582,bachelor,0,10,personality_weighted
19,male,White,0.658,0.766,0.372,0.471,0.558,associate,2,10,personality_weighted
20,female,Latine,0.463,0.507,0.511,0.525,0.41,associate,6,10,personality_weighted
21,male,Latine,0.434,0.549,0.228,0.39,0.458,master,0,10,personality_weighted
22,male,Latine,0.527,0.428,0.498,0.318,0.475,bachelor,8,10,personality_weighted
23,female,White,0.331,0.72,0.625,0.698,0.708,bachelor,11,10,personality_weighted
24,male,Black,0.672,0.51,0.874,0.445,0.796,bachelor,11,10,personality_weighted
25,female,Black,0.347,0.427,0.345,0.316,0.6,bachelor,5,10,personality_weighted
26,male,Latine,0.221,0.693,0.448,0.58,0.593,master,2,10,personality_weighted
27,male,White,0.509,0.53,0.345,0.522,0.446,associate,13,10,personality_weighted
28,male,White,0.439,0.431,0.685,0.494,0.512,master,4,10,personality_weighted
29,male,Latine,0.597,0.603,0.591,0.293,0.369,bachelor,3,10,personality_weighted
30,male,Asian,0.219,0.298,0.462,0.49,0.381,high_school,4,10,personality_weighted
31,male,Asian,0.476,0.604,0.53,0.29,0.486,associate,15,10,personality_weighted
32,nonbinary,Asian,0.557,0.299,0.502,0.586,0.636,bachelor,0,10,personality_weighted
33,male,Latine,0.732,0.278,0.363,0.921,0.459,high_school,2,10,personality_weighted
34,male,Asian,0.536,0.621,0.363,0.429,0.639,high_school,9,10,personality_weighted
35,nonbinary,Multiracial,0.387,0.456,0.31,0.532,0.478,high_school,8,10,personality_weighted
36,female,Asian,0.283,0.574,0.45,0.475,0.657,associate,12,10,personality_weighted
37,female,White,0.613,0.353,0.172,0.662,0.517,high_school,11,10,personality_weighted
38,female,Black,0.436,0.579,0.333,0.484,0.663,high_school,15,10,personality_weighted
39,male,White,0.501,0.149,0.334,0.615,0.267,associate,1,10,personality_weighted
40,female,Asian,0.414,0.403,0.492,0.553,0.477,high_school,5,10,personality_weighted
41,female,White,0.261,0.567,0.44,0.626,0.522,bachelor,13,10,personality_weighted
42,male,White,0.405,0.405,0.684,0.595,0.347,high_school,2,10,personality_weighted
43,female,White,0.644,0.481,0.518,0.048,0.441,master,12,10,personality_weighted
44,male,Latine,0.468,0.475,0.3,0.469,0.311,associate,7,10,personality_weighted
45,nonbinary,White,0.459,0.533,0.423,0.231,0.64,bachelor,7,10,personality_weighted
46,female,Latine,0.409,0.535,0.391,0.224,0.38,high_school,0,10,personality_weighted
47,female,Asian,0.318,0.545,0.524,0.644,0.48,high_school,1,10,personality_weighted
48,female,White,0.275,0.104,0.557,0.565,0.571,high_school,2,10,personality_weighted
49,female,Latine,0.563,0.589,0.758,0.452,0.402,high_school,4,10,personality_weighted
50,female,Asian,0.568,0.968,0.549,0.305,0.471,associate,0,10,personality_weighted
51,male,Black,0.412,0.291,0.739,0.545,0.466,master,10,10,personality_weighted
52,male,Latine,0.603,0.52,0.601,0.613,0.524,associate,1,10,personality_weighted
53,male,White,0.559,0.562,0.409,0.379,0.447,high_school,8,10,personality_weighted
54,male,Asian,0.54,0.69,0.583,0.11,0.596,master,6,10,personality_weighted
55,female,Asian,0.471,0.485,0.497,0.702,0.497,bachelor,4,10,personality_weighted
56,male,White,0.232,0.667,0.431,0.607,0.354,associate,0,10,personality_weighted
57,female,Asian,0.672,0.518,0.437,0.493,0.305,bachelor,3,10,personality_weighted
58,female,Multiracial,0.639,0.538,0.278,0.628,0.499,associate,11,10,personality_weighted
59,female,Latine,0.325,0.777,0.497,0.488,0.439,master,10,10,personality_weighted
60,female,Asian,0.398,0.699,0.625,0.462,0.706,master,5,10,personality_weighted
61,male,Black,0.549,0.375,0.501,0.546,0.247,master,2,10,personality_weighted
62,male,White,0.223,0.443,0.428,0.644,0.493,associate,15,10,personality_weighted
63,nonbinary,Latine,0.536,0.447,0.629,0.3,0.376,master,12,10,personality_weighted
64,female,White,0.706,0.479,0.217,0.05,0.271,associate,9,10,personality_weighted
65,male,Latine,0.418,0.334,0.438,0.505,0.535,bachelor,1,10,personality_weighted
66,female,White,0.37,0.419,0.661,0.48,0.396,associate,8,10,personality_weighted
67,female,Latine,0.685,0.655,0.409,0.504,0.308,bachelor,13,10,personality_weighted
68,female,Black,0.388,0.457,0.58,0.482,0.22,master,9,10,personality_weighted
69,male,Black,0.575,0.538,0.382,0.537,0.429,high_school,10,10,personality_weighted
70,female,White,0.642,0.409,0.677,0.426,0.598,high_school,0,10,personality_weighted
71,male,Asian,0.455,0.514,0.438,0.763,0.326,associate,1,10,personality_weighted
72,male,Latine,0.655,0.722,0.395,0.392,0.326,associate,5,10,personality_weighted
73,male,Asian,0.291,0.304,0.526,0.582,0.19,high_school,8,10,personality_weighted
74,male,Multiracial,0.723,0.597,0.337,0.456,0.481,bachelor,14,10,personality_weighted
75,male,White,0.353,0.662,0.435,0.496,0.584,high_school,13,10,personality_weighted
76,female,White,0.566,0.13,0.466,0.628,0.593,master,1,10,personality_weighted
77,female,White,0.528,0.195,0.498,0.547,0.458,master,2,10,personality_weighted
78,female,Asian,0.21,0.52,0.357,0.413,0.572,master,10,10,personality_weighted
79,female,Latine,0.283,0.537,0.491,0.684,0.419,associate,1,10,personality_weighted
80,female,Asian,0.334,0.883,0.338,0.49,0.552,bachelor,8,10,personality_weighted
81,male,Black,0.465,0.333,0.823,0.467,0.59,high_school,12,10,personality_weighted
82,female,Asian,0.268,0.476,0.439,0.676,0.32,associate,14,10,personality_weighted
83,male,Asian,0.365,0.716,0.37,0.584,0.646,high_school,8,10,personality_weighted
84,female,White,0.629,0.311,0.559,0.517,0.557,high_school,3,10,personality_weighted
85,male,White,0.607,0.406,0.087,0.597,0.345,associate,8,10,personality_weighted
86,male,Latine,0.649,0.523,0.738,0.341,0.499,high_school,0,10,personality_weighted
87,female,Latine,0.435,0.81,0.818,0.542,0.583,associate,15,10,personality_weighted
88,male,White,0.688,0.541,0.466,0.502,0.142,high_school,9,10,personality_weighted
89,female,White,0.649,0.587,0.559,0.275,0.589,master,1,10,personality_weighted
90,male,Latine,0.246,0.442,0.389,0.526,0.502,bachelor,11,10,personality_weighted
91,male,White,0.344,0.346,0.446,0.316,0.493,master,14,10,personality_weighted
92,male,Latine,0.491,0.659,0.471,0.496,0.416,high_school,8,10,personality_weighted
93,female,Multiracial,0.578,0.378,0.614,0.413,0.628,high_school,6,10,personality_weighted
94,female,Latine,0.279,0.408,0.292,0.293,0.593,bachelor,15,10,personality_weighted
95,female,Asian,0.41,0.748,0.39,0.302,0.619,master,15,10,personality_weighted
96,female,Multiracial,0.627,0.662,0.422,0.389,0.611,associate,0,10,personality_weighted
97,female,Black,0.12,0.589,0.461,0.476,0.246,associate,11,10,personality_weighted
98,male,White,0.518,0.588,0.84,0.497,0.667,bachelor,4,10,personality_weighted
99,male,Latine,0.26,0.502,0.383,0.207,0.76,high_school,6,10,personality_weighted
100,male,Latine,0.391,0.664,0.39,0.419,0.552,associate,6,10,personality_weighted
